{
    "accuracy": 0.9956803917884827,
    "avg_guesses": 3.656587600708008
}