{
    "accuracy": 0.9969762563705444,
    "avg_guesses": 3.6397409439086914
}