{
    "accuracy": 0.9974082112312317,
    "avg_guesses": 3.625054121017456
}