{
    "accuracy": 0.998272180557251,
    "avg_guesses": 3.6099352836608887
}