{
    "accuracy": 0.8457883596420288,
    "avg_guesses": 4.65701961517334
}