{
    "accuracy": 0.9952484369277954,
    "avg_guesses": 3.660043239593506
}