{
    "accuracy": 0.9991360902786255,
    "avg_guesses": 3.6393089294433594
}