{
    "accuracy": 0.9978402256965637,
    "avg_guesses": 3.670410394668579
}