{
    "accuracy": 0.9952484369277954,
    "avg_guesses": 3.704535722732544
}