{
    "accuracy": 0.9978402256965637,
    "avg_guesses": 3.584449291229248
}