{
    "accuracy": 0.9965443015098572,
    "avg_guesses": 3.615118980407715
}