{
    "accuracy": 0.9857451915740967,
    "avg_guesses": 3.710583209991455
}