{
    "accuracy": 0.998272180557251,
    "avg_guesses": 3.6479482650756836
}