{
    "accuracy": 0.6894168853759766,
    "avg_guesses": 5.15593957901001
}