{
    "accuracy": 0.9961123466491699,
    "avg_guesses": 3.614686965942383
}