{
    "accuracy": 0.9935205578804016,
    "avg_guesses": 3.670410394668579
}