{
    "accuracy": 0.9969762563705444,
    "avg_guesses": 3.5615551471710205
}