{
    "accuracy": 0.988336980342865,
    "avg_guesses": 3.8034558296203613
}