{
    "accuracy": 0.9935205578804016,
    "avg_guesses": 3.6773219108581543
}