{
    "accuracy": 0.9965443015098572,
    "avg_guesses": 3.624190092086792
}