{
    "accuracy": 0.9995680451393127,
    "avg_guesses": 3.580561637878418
}