{
    "accuracy": 0.9948164224624634,
    "avg_guesses": 3.670410394668579
}